{"initial_reset_timestamp": 1570676553.8003967, "episode_types": ["t"], "timestamps": [1570676561.803256], "episode_lengths": [1170], "episode_rewards": [38.0]}